LWB01 F,ATCGCCTACCGTGACAAGAAAGTTGTCGGTGTCTTTGTGCTTGCCTGTCGCTCTATCTTCTTTCTGTTGGTGCTGATATTGCATGTCACCACAAACAGAGACTAAAG
LWB01 R,ATCGCCTACCGTGACAAGAAAGTTGTCGGTGTCTTTGTTTTCTGTTGGTGCTGATATTGCACTTGCCTGTCGCTCTATCTTCGTAAAATCAAGTCCACCRCG
LWB02 F,ATCGCCTACCGTGACTCGATTCCGTTTGTAGTCGTCTGACTTGCCTGTCGCTCTATCTTCTTTCTGTTGGTGCTGATATTGCATGTCACCACAAACAGAGACTAAAGC
LWB02 R,ATCGCCTACCGTGACTCGATTCCGTTTGTAGTCGTCTGTTTCTGTTGGTGCTGATATTGCACTTGCCTGTCGCTCTATCTTCGTAAAATCAAGTCCACCRC
LWB03 F,ATCGCCTACCGTGACGAGTCTTGTGTCCCAGTTACCAGACTTGCCTGTCGCTCTATCTTCTTTCTGTTGGTGCTGATATTGCATGTCACCACAAACAGAGACTAAAGC
LWB03 R,ATCGCCTACCGTGACGAGTCTTGTGTCCCAGTTACCAGTTTCTGTTGGTGCTGATATTGCACTTGCCTGTCGCTCTATCTTCGTAAAATCAAGTCCACCRCG
LWB04 F,ATCGCCTACCGTGACTTCGGATTCTATCGTGTTTCCCTACTTGCCTGTCGCTCTATCTTCTTTCTGTTGGTGCTGATATTGCATGTCACCACAAACAGAGACTAAAGC
LWB04 R,ATCGCCTACCGTGACTTCGGATTCTATCGTGTTTCCCTTTTCTGTTGGTGCTGATATTGCACTTGCCTGTCGCTCTATCTTCGTAAAATCAAGTCCACCRCG
LWB05 F,ATCGCCTACCGTGACCTTGTCCAGGGTTTGTGTAACCTACTTGCCTGTCGCTCTATCTTCTTTCTGTTGGTGCTGATATTGCATGTCACCACAAACAGAGACTAAAGC
LWB05 R,ATCGCCTACCGTGACCTTGTCCAGGGTTTGTGTAACCTTTTCTGTTGGTGCTGATATTGCACTTGCCTGTCGCTCTATCTTCGTAAAATCAAGTCCACCRC
LWB06 F,ATCGCCTACCGTGACTTCTCGCAAAGGCAGAAAGTAGTACTTGCCTGTCGCTCTATCTTCTTTCTGTTGGTGCTGATATTGCATGTCACCACAAACAGAGACTAAAGC
LWB06 R,ATCGCCTACCGTGACTTCTCGCAAAGGCAGAAAGTAGTTTTCTGTTGGTGCTGATATTGCACTTGCCTGTCGCTCTATCTTCGTAAAATCAAGTCCACCRC
LWB07 F,ATCGCCTACCGTGACGTGTTACCGTGGGAATGAATCCTACTTGCCTGTCGCTCTATCTTCTTTCTGTTGGTGCTGATATTGCATGTCACCACAAACAGAGACTAAAGC
LWB07 R,ATCGCCTACCGTGACGTGTTACCGTGGGAATGAATCCTTTTCTGTTGGTGCTGATATTGCACTTGCCTGTCGCTCTATCTTCGTAAAATCAAGTCCACCRCG
LWB08 F,ATCGCCTACCGTGACTTCAGGGAACAAACCAAGTTACGACTTGCCTGTCGCTCTATCTTCTTTCTGTTGGTGCTGATATTGCATGTCACCACAAACAGAGACTAAAGC
LWB08 R,ATCGCCTACCGTGACTTCAGGGAACAAACCAAGTTACGTTTCTGTTGGTGCTGATATTGCACTTGCCTGTCGCTCTATCTTCGTAAAATCAAGTCCACCRCG
LWB09 F,ATCGCCTACCGTGACAACTAGGCACAGCGAGTCTTGGTACTTGCCTGTCGCTCTATCTTCTTTCTGTTGGTGCTGATATTGCATGTCACCACAAACAGAGACTAAAGC
LWB09 R,ATCGCCTACCGTGACAACTAGGCACAGCGAGTCTTGGTTTTCTGTTGGTGCTGATATTGCACTTGCCTGTCGCTCTATCTTCGTAAAATCAAGTCCACCRCG
LWB10 F,ATCGCCTACCGTGACAAGCGTTGAAACCTTTGTCCTCTACTTGCCTGTCGCTCTATCTTCTTTCTGTTGGTGCTGATATTGCATGTCACCACAAACAGAGACTAAAGC
LWB10 R,ATCGCCTACCGTGACAAGCGTTGAAACCTTTGTCCTCTTTTCTGTTGGTGCTGATATTGCACTTGCCTGTCGCTCTATCTTCGTAAAATCAAGTCCACCRCG
LWB11 F,ATCGCCTACCGTGACGTTTCATCTATCGGAGGGAATGGACTTGCCTGTCGCTCTATCTTCTTTCTGTTGGTGCTGATATTGCATGTCACCACAAACAGAGACTAAAGC
LWB11 R,ATCGCCTACCGTGACGTTTCATCTATCGGAGGGAATGGTTTCTGTTGGTGCTGATATTGCACTTGCCTGTCGCTCTATCTTCGTAAAATCAAGTCCACCRCG
LWB12 F,ATCGCCTACCGTGACCAGGTAGAAAGAAGCAGAATCGGACTTGCCTGTCGCTCTATCTTCTTTCTGTTGGTGCTGATATTGCATGTCACCACAAACAGAGACTAAAGC
LWB12 R,ATCGCCTACCGTGACCAGGTAGAAAGAAGCAGAATCGGTTTCTGTTGGTGCTGATATTGCACTTGCCTGTCGCTCTATCTTCGTAAAATCAAGTCCACCRCG
